{"cameraMode":{"drawMode":0,"name":"Shaded","section":"Shading Mode"},"sceneLighting":true,"audioPlay":false,"sceneViewState":{"m_AlwaysRefresh":false,"showFog":true,"showSkybox":true,"showFlares":true,"showImageEffects":true,"showParticleSystems":true,"showVisualEffectGraphs":true,"m_FxEnabled":true},"in2DMode":false,"pivot":{"x":3.704101085662842,"y":-1.0275996923446656,"z":-2.0747969150543215},"rotation":{"x":0.0012214963790029288,"y":0.578166663646698,"z":-0.0008695315336808562,"w":0.8158847093582153},"size":7.080686569213867,"orthographic":false}